N,Sp1,Sp2,Sp3,Sp4,Sp5,Sp6,Sp7,Sp8,Sp9,Sp10,Sp11,Sp12,Sp13,Sp14,Sp15,Sp16,Sp17,Sp18,Sp19,Sp20,Sp21,Sp22,Sp23,Sp24,Sp25,Sp26,Sp27,Sp28,Sp29,Sp30,Sp31,Sp32,Sp33,Sp34,Sp35,Sp36,Sp37,Sp38,Sp39,Sp40,Sp41,Sp42,Sp43,Sp44,Sp45,Sp46,Sp47,Sp48,Sp49,Sp50,Sp51,Sp52,Sp53,Sp54
Value,0.63949,0.98315,0.25290,0.63219,0.55680,0.80534,0.48641,0.98643,0.62774,0.86943,0.02165,0.60480,0.88162,0.49485,0.52398,0.39198,0.43717,0.38166,0.51579,0.82609,0.62452,0.34547,0.36082,0.29338,0.92661,0.38785,0.08736,0.17648,0.02596,0.94199,0.14022,0.01438,0.08079,0.66786,0.23525,0.62847,0.14209,0.18524,0.33363,0.86922,0.54678,0.39960,0.51931,0.26836,0.00702,0.36196,0.04065,0.68974,0.93196,0.70573,0.31172,0.36458,0.93567,0.97749
